[
    {
        "index": 0,
        "img": "https://telegra.ph/file/a18ce91790f1a86b25024.jpg",
        "jawaban": "CHRISTY"
    },
    {
        "index": 1,
        "img": "https://telegra.ph/file/ede7f8a23b81d11a6ea11.jpg",
        "jawaban": "FREYA"
    },
    {
        "index": 2,
        "img": "https://telegra.ph/file/be32cf9bafd5180630158.jpg",
        "jawaban": "GRACIA"
    },
    {
        "index": 3,
        "img": "https://telegra.ph/file/1e3d6416a2de6f3c7f2d5.jpg",
        "jawaban": "FENNY"
    },
    {
        "index": 4,
        "img": "https://telegra.ph/file/3e36411e957693df9915d.jpg",
        "jawaban": "SHANI"
    },
    {
        "index": 5,
        "img": "https://telegra.ph/file/b3f9f1d48645ecaf127b3.jpg",
        "jawaban": "LULU"
    },
    {
        "index": 6,
        "img": "https://telegra.ph/file/6052a253d49994bf0be99.jpg",
        "jawaban": "ADEL"
    },
    {
        "index": 7,
        "img": "https://telegra.ph/file/1a3c3b61598f10abc5ba8.jpg",
        "jawaban": "INDAH"
    },
    {
        "index": 8,
        "img": "https://telegra.ph/file/3a790cd77b2d77b34ffcb.jpg",
        "jawaban": "KATHRINA"
    },
    {
        "index": 9,
        "img": "https://telegra.ph/file/1c4b1b7a6ab317ea456da.jpg",
        "jawaban": "MARSHA"
    },
    {
        "index": 10,
        "img": "https://telegra.ph/file/e579415b04a289834621f.jpg",
        "jawaban": "AMANDA"
    },
    {
        "index": 11,
        "img": "https://telegra.ph/file/0d0ca8b90a20a3a9605ad.jpg",
        "jawaban": "AURELLIA"
    },
    {
        "index": 12,
        "img": "https://telegra.ph/file/482f6291a60cd8d232949.jpg",
        "jawaban": "CALLIE"
    },
    {
        "index": 13,
        "img": "https://telegra.ph/file/f1fb015a8242b16acbc2f.jpg",
        "jawaban": "ELLA"
    },
    {
        "index": 14,
        "img": "https://telegra.ph/file/6e9f3092b06060eb2fd97.jpg",
        "jawaban": "INDIRA"
    },
    {
        "index": 15,
        "img": "https://telegra.ph/file/08c5973e844e22c4b1cfd.jpg",
        "jawaban": "JESSELYN"
    },
    {
        "index": 16,
        "img": "https://telegra.ph/file/59dc73f9c2588e167386c.jpg",
        "jawaban": "RAISHA"
    },
    {
        "index": 17,
        "img": "https://telegra.ph/file/ae3ac658dfe04d3daa5d7.jpg",
        "jawaban": "ALYA"
    },
    {
        "index": 18,
        "img": "https://telegra.ph/file/43b0eacbece79d3c26f41.jpg",
        "jawaban": "ANINDYA"
    },
    {
        "index": 19,
        "img": "https://telegra.ph/file/54c2d556973aebb227067.jpg",
        "jawaban": "CATHY"
    },
    {
        "index": 20,
        "img": "https://telegra.ph/file/031f33bdfc20620948194.jpg",
        "jawaban": "CELLINE"
    },
    {
        "index": 21,
        "img": "https://telegra.ph/file/8e6b0a4c0b2cf9b203620.jpg",
        "jawaban": "CHELSEA"
    },
    {
        "index": 22,
        "img": "https://telegra.ph/file/9b0306d562d98f76686c9.jpg",
        "video": "https://telegra.ph/file/6940b4b2e136a49d64e34.mp4",
        "jawaban": "OLINE"
    },
    {
        "index": 22,
        "img": "https://telegra.ph/file/accf2b49314422455d739.jpg",
        "jawaban": "AZIZI"
    },
    {
        "index": 23,
        "img": "https://telegra.ph/file/f430d6db8d7c21b4d9be2.jpg",
        "jawaban": "FLORA"
    },
    {
        "index": 24,
        "img": "https://telegra.ph/file/7d6fd80c2a5968b7b2a55.jpg",
        "jawaban": "CEPIO"
    },
    {
        "index": 25,
        "img": "https://telegra.ph/file/c7485e34bb121f8c1e384.jpg",
        "jawaban": "NABILAH"
    },
    {
        "index": 26,
        "img": "https://telegra.ph/file/e6daebca772c65f581da4.jpg",
        "jawaban": "MELODY"
    },
    {
        "index": 27,
        "img": "https://telegra.ph/file/31663bcafe62ef1ccb0c4.jpg",
        "jawaban": "HARUKA"
    },
    {
        "index": 28,
        "img": "https://telegra.ph/file/6e48ee86461ec016c03f0.jpg",
        "jawaban": "GITA SEKAR"
    },
    {
        "index": 29,
        "img": "https://telegra.ph/file/0afe050e110814ba211ab.jpg",
        "jawaban": "OLLA"
    },
    {
        "index": 30,
        "img": "https://telegra.ph/file/e88b792cc054c1b7e9b70.jpg",
        "jawaban": "JESSI"
    },
    {
        "index": 31,
        "img": "https://telegra.ph/file/6ecb0a27777459a982176.jpg",
        "jawaban": "CHIKA"
    },
    {
        "index": 32,
        "img": "https://telegra.ph/file/d4de23f47ac2abd56f0ef.jpg",
        "jawaban": "MUTHE"
    },
    {
        "index": 33,
        "img": "https://telegra.ph/file/d46c319257b6008036dd5.jpg",
        "jawaban": "ELI"
    },
    {
        "index": 34,
        "img": "https://telegra.ph/file/c7d93dacd2b93a3354ac6.jpg",
        "jawaban": "ONIEL"
    },
    {
        "index": 35,
        "img": "https://telegra.ph/file/f759fc6fd8b323c623d09.jpg",
        "jawaban": "FRITZY"
    },
    {
        "index": 36,
        "img": "https://telegra.ph/file/985dd614b6232b75d88f8.jpg",
        "jawaban": "ARALIE"
    },
    {
        "index": 37,
        "img": "https://telegra.ph/file/2d033301493a79ae2e807.jpg",
        "jawaban": "MICHIE"
    },
    {
        "index": 38,
        "img": "https://telegra.ph/file/0451cb0265e424de8e102.jpg",
        "jawaban": "GREESEL"
    },
    {
        "index": 39,
        "img": "https://telegra.ph/file/7c41cd3dc0adb24dcf7a6.jpg",
        "jawaban": "GRACE"
    }
]